match_id,date,season,venue,winner,win_by,match_type,player_of_match,umpire_1,umpire_2
1075986,2017-02-09,2017,Dubai International Cricket Stadium,Islamabad United,wickets 7,regular,BJ Haddin,Ahsan Raza,Shozab Raza
1075987,2017-02-10,2017,Dubai International Cricket Stadium,Quetta Gladiators,runs 8,regular,Hassan Khan,Rashid Riaz,Shozab Raza
1075988,2017-02-10,2017,Dubai International Cricket Stadium,Peshawar Zalmi,wickets 7,regular,EJG Morgan,Ahmed Shahab,Ahsan Raza
1075989,2017-02-11,2017,Dubai International Cricket Stadium,Lahore Qalandars,wickets 6,regular,JJ Roy,Asif Yaqoob,Shozab Raza
1075990,2017-02-11,2017,Dubai International Cricket Stadium,Quetta Gladiators,wickets 7,regular,RR Rossouw,Aleem Dar,Rashid Riaz
1075991,2017-02-12,2017,Dubai International Cricket Stadium,Peshawar Zalmi,wickets 3,regular,Yasir Shah,Aleem Dar,RK Illingworth
1075992,2017-02-15,2017,Sharjah Cricket Stadium,Islamabad United,wickets 5,regular,SW Billings,Aleem Dar,RK Illingworth
1075993,2017-02-16,2017,Sharjah Cricket Stadium,Lahore Qalandars,runs 7,regular,Fakhar Zaman,Aleem Dar,RK Illingworth
1075994,2017-02-17,2017,Sharjah Cricket Stadium,No result,no result,regular,,Ahsan Raza,Asif Yaqoob
1075995,2017-02-17,2017,Sharjah Cricket Stadium,Karachi Kings,runs 8,regular,Babar Azam,Aleem Dar,RK Illingworth
1075996,2017-02-18,2017,Sharjah Cricket Stadium,Quetta Gladiators,wickets 5,regular,KP Pietersen,Rashid Riaz,Shozab Raza
1075997,2017-02-18,2017,Sharjah Cricket Stadium,Islamabad United,wickets 5,regular,Mohammad Sami,Aleem Dar,RK Illingworth
1075998,2017-02-19,2017,Sharjah Cricket Stadium,Karachi Kings,runs 9,regular,Shoaib Malik,Ahmed Shahab,Aleem Dar
1075999,2017-02-20,2017,Sharjah Cricket Stadium,Lahore Qalandars,wickets 1,regular,Umar Akmal,Ahmed Shahab,Ahsan Raza
1076000,2017-02-23,2017,Dubai International Cricket Stadium,Quetta Gladiators,wickets 6,regular,Mahmudullah,Aleem Dar,REJ Martinesz
1076001,2017-02-24,2017,Dubai International Cricket Stadium,Peshawar Zalmi,runs 17,regular,Shakib Al Hasan,REJ Martinesz,Shozab Raza
1076002,2017-02-24,2017,Dubai International Cricket Stadium,Islamabad United,runs 1,regular,Mohammad Sami,Ahsan Raza,Aleem Dar
1076003,2017-02-25,2017,Dubai International Cricket Stadium,Karachi Kings,wickets 5,regular,KA Pollard,REJ Martinesz,Shozab Raza
1076004,2017-02-25,2017,Dubai International Cricket Stadium,Peshawar Zalmi,wickets 2,regular,Mohammad Asghar,Ahmed Shahab,Ahsan Raza
1076005,2017-02-26,2017,Dubai International Cricket Stadium,Karachi Kings,wickets 6,regular,CH Gayle,Aleem Dar,REJ Martinesz
1076006,2017-02-28,2017,Sharjah Cricket Stadium,Quetta Gladiators,runs 1,qualifier,Ahmed Shehzad,REJ Martinesz,Shozab Raza
1076007,2017-03-01,2017,Sharjah Cricket Stadium,Karachi Kings,runs 44,qualifier,Imad Wasim,REJ Martinesz,Shozab Raza
1076008,2017-03-03,2017,Dubai International Cricket Stadium,Peshawar Zalmi,runs 24,qualifier,Kamran Akmal,Ahsan Raza,REJ Martinesz
1076009,2017-03-05,2017,Gaddafi Stadium,Peshawar Zalmi,runs 58,final,DJG Sammy,Ahsan Raza,REJ Martinesz
1128818,2018-02-22,2018,Dubai International Cricket Stadium,Multan Sultans,wickets 7,regular,KC Sangakkara,Ahmed Shahab,RT Robinson
1128819,2018-02-23,2018,Dubai International Cricket Stadium,Karachi Kings,runs 19,regular,CA Ingram,REJ Martinesz,Rashid Riaz
1128820,2018-02-23,2018,Dubai International Cricket Stadium,Multan Sultans,runs 43,regular,Imran Tahir,Asif Yaqoob,RT Robinson
1128821,2018-02-24,2018,Dubai International Cricket Stadium,Peshawar Zalmi,runs 34,regular,Umaid Asif,REJ Martinesz,Rashid Riaz
1128822,2018-02-24,2018,Dubai International Cricket Stadium,Quetta Gladiators,wickets 9,regular,Mohammad Nawaz (3),Asif Yaqoob,RT Robinson
1128823,2018-02-25,2018,Dubai International Cricket Stadium,Islamabad United,wickets 5,regular,Hussain Talat,REJ Martinesz,Rashid Riaz
1128824,2018-02-25,2018,Dubai International Cricket Stadium,Karachi Kings,wickets 5,regular,DR Smith,REJ Martinesz,RT Robinson
1128825,2018-02-26,2018,Dubai International Cricket Stadium,Karachi Kings,runs 27,regular,Shahid Afridi,REJ Martinesz,RT Robinson
1128826,2018-02-28,2018,Sharjah Cricket Stadium,Quetta Gladiators,wickets 6,regular,KP Pietersen,REJ Martinesz,RT Robinson
1128827,2018-03-01,2018,Sharjah Cricket Stadium,Peshawar Zalmi,wickets 5,regular,DJG Sammy,RT Robinson,Aleem Dar
1128829,2018-03-02,2018,Sharjah Cricket Stadium,No result,tie,regular,Mohammad Sami,REJ Martinesz,Khalid Mahmood
1128830,2018-03-03,2018,Sharjah Cricket Stadium,Multan Sultans,wickets 9,regular,Sohail Tanvir,Ahmed Shahab,Aleem Dar
1128831,2018-03-03,2018,Sharjah Cricket Stadium,Peshawar Zalmi,wickets 10,regular,LA Dawson,REJ Martinesz,RT Robinson
1128832,2018-03-04,2018,Sharjah Cricket Stadium,Islamabad United,wickets 8,regular,L Ronchi,RT Robinson,Aleem Dar
1128833,2018-03-06,2018,Dubai International Cricket Stadium,Multan Sultans,runs 19,regular,Sohaib Maqsood,Asif Yaqoob,Aleem Dar
1128834,2018-03-07,2018,Dubai International Cricket Stadium,Quetta Gladiators,wickets 2,regular,Umar Gul,RT Robinson,Aleem Dar
1128835,2018-03-08,2018,Dubai International Cricket Stadium,Islamabad United,wickets 6,regular,L Ronchi,RT Robinson,Aleem Dar
1128836,2018-03-08,2018,Dubai International Cricket Stadium,Quetta Gladiators,runs 67,regular,SR Watson,Asif Yaqoob,Shozab Raza
1128837,2018-03-09,2018,Dubai International Cricket Stadium,Lahore Qalandars,wickets 6,regular,Shaheen Shah Afridi,Asif Yaqoob,RT Robinson
1128838,2018-03-09,2018,Dubai International Cricket Stadium,Islamabad United,runs 26,regular,JP Duminy,Ahmed Shahab,Aleem Dar
1128839,2018-03-10,2018,Dubai International Cricket Stadium,Karachi Kings,runs 63,regular,Shahid Afridi,Asif Yaqoob,Aleem Dar
1128840,2018-03-10,2018,Dubai International Cricket Stadium,Quetta Gladiators,wickets 6,regular,Sarfraz Ahmed,Ahmed Shahab,RT Robinson
1128841,2018-03-11,2018,Dubai International Cricket Stadium,No result,tie,regular,Agha Salman,RT Robinson,Aleem Dar
1128842,2018-03-13,2018,Sharjah Cricket Stadium,Islamabad United,runs 33,regular,L Ronchi,Aleem Dar,Rashid Riaz
1128843,2018-03-14,2018,Sharjah Cricket Stadium,Lahore Qalandars,runs 17,regular,Fakhar Zaman,RT Robinson,Rashid Riaz
1128844,2018-03-15,2018,Sharjah Cricket Stadium,Peshawar Zalmi,runs 44,regular,Kamran Akmal,Ahmed Shahab,Shozab Raza
1128845,2018-03-15,2018,Sharjah Cricket Stadium,Islamabad United,wickets 6,regular,JP Duminy,Aleem Dar,Khalid Mahmood
1128846,2018-03-16,2018,Sharjah Cricket Stadium,Peshawar Zalmi,wickets 7,regular,Kamran Akmal,Shozab Raza,Rashid Riaz
1128847,2018-03-16,2018,Sharjah Cricket Stadium,Karachi Kings,wickets 7,regular,Usman Shinwari,Aleem Dar,Khalid Mahmood
1128848,2018-03-18,2018,Dubai International Cricket Stadium,Islamabad United,wickets 8,qualifier,L Ronchi,Aleem Dar,Rashid Riaz
1128849,2018-03-20,2018,Gaddafi Stadium,Peshawar Zalmi,runs 1,eliminator,Hasan Ali,Aleem Dar,Rashid Riaz
1128850,2018-03-21,2018,Gaddafi Stadium,Peshawar Zalmi,runs 13,eliminator,Kamran Akmal,Shozab Raza,Aleem Dar
1128851,2018-03-25,2018,National Stadium,Islamabad United,wickets 3,final,L Ronchi,Shozab Raza,Aleem Dar
1168820,2019-02-14,2019,Dubai International Cricket Stadium,Islamabad United,wickets 5,regular,Faheem Ashraf,RK Illingworth,Rashid Riaz
1168821,2019-02-15,2019,Dubai International Cricket Stadium,Karachi Kings,runs 7,regular,LS Livingstone,REJ Martinesz,MA Gough
1168822,2019-02-15,2019,Dubai International Cricket Stadium,Quetta Gladiators,wickets 6,regular,Umar Akmal,Shozab Raza,RK Illingworth
1168823,2019-02-16,2019,Dubai International Cricket Stadium,Multan Sultans,wickets 5,regular,Ali Shafiq,REJ Martinesz,Asif Yaqoob
1168824,2019-02-16,2019,Dubai International Cricket Stadium,Lahore Qalandars,runs 22,regular,Haris Rauf,Shozab Raza,RK Illingworth
1168825,2019-02-17,2019,Dubai International Cricket Stadium,Quetta Gladiators,wickets 7,regular,SR Watson,REJ Martinesz,Asif Yaqoob
1168826,2019-02-17,2019,Dubai International Cricket Stadium,Peshawar Zalmi,wickets 7,regular,Hasan Ali,RK Illingworth,Rashid Riaz
1168827,2019-02-20,2019,Sharjah Cricket Stadium,Quetta Gladiators,wickets 8,regular,SR Watson,Asif Yaqoob,Shozab Raza
1168828,2019-02-21,2019,Sharjah Cricket Stadium,Peshawar Zalmi,runs 44,regular,Imam-ul-Haq,RK Illingworth,Rashid Riaz
1168829,2019-02-22,2019,Sharjah Cricket Stadium,Lahore Qalandars,wickets 6,regular,AB de Villiers,REJ Martinesz,Shozab Raza
1168830,2019-02-22,2019,Sharjah Cricket Stadium,Islamabad United,runs 12,regular,Mohammad Sami,MA Gough,RK Illingworth
1168831,2019-02-23,2019,Sharjah Cricket Stadium,Quetta Gladiators,wickets 3,regular,Sarfraz Ahmed,REJ Martinesz,Shozab Raza
1168832,2019-02-23,2019,Sharjah Cricket Stadium,Islamabad United,wickets 7,regular,L Ronchi,Asif Yaqoob,RK Illingworth
1168833,2019-02-24,2019,Sharjah Cricket Stadium,Peshawar Zalmi,wickets 5,regular,Hasan Ali,REJ Martinesz,Shozab Raza
1168834,2019-02-24,2019,Sharjah Cricket Stadium,Karachi Kings,wickets 6,regular,CA Ingram,RK Illingworth,Ahsan Raza
1168835,2019-02-26,2019,Dubai International Cricket Stadium,Multan Sultans,wickets 6,regular,DT Christian,RK Illingworth,Ahsan Raza
1168836,2019-02-27,2019,Dubai International Cricket Stadium,Lahore Qalandars,wickets 8,regular,,REJ Martinesz,Shozab Raza
1168837,2019-02-27,2019,Dubai International Cricket Stadium,Islamabad United,wickets 5,regular,Asif Ali,RK Illingworth,Ahsan Raza
1168838,2019-02-28,2019,Dubai International Cricket Stadium,Peshawar Zalmi,wickets 7,regular,KA Pollard,REJ Martinesz,Asif Yaqoob
1168839,2019-02-28,2019,Dubai International Cricket Stadium,Karachi Kings,wickets 5,regular,Iftikhar Ahmed,RK Illingworth,Rashid Riaz
1168840,2019-03-01,2019,Dubai International Cricket Stadium,Peshawar Zalmi,wickets 4,regular,LA Dawson,REJ Martinesz,Shozab Raza
1168841,2019-03-01,2019,Dubai International Cricket Stadium,Quetta Gladiators,wickets 6,regular,DJ Bravo,RK Illingworth,Ahsan Raza
1168842,2019-03-04,2019,Sheikh Zayed Stadium,Quetta Gladiators,wickets 8,regular,SR Watson,REJ Martinesz,Asif Yaqoob
1168843,2019-03-04,2019,Sheikh Zayed Stadium,Karachi Kings,wickets 5,regular,Usman Shinwari,Shozab Raza,RK Illingworth
1168844,2019-03-05,2019,Sheikh Zayed Stadium,Peshawar Zalmi,wickets 4,regular,Misbah-ul-Haq,Asif Yaqoob,Ahsan Raza
1168845,2019-03-05,2019,Sheikh Zayed Stadium,Quetta Gladiators,runs 43,regular,Ahmed Shehzad,RK Illingworth,Rashid Riaz
1168846,2019-03-11,2019,National Stadium,Peshawar Zalmi,runs 61,regular,Kamran Akmal,REJ Martinesz,Ahsan Raza
1168847,2019-03-09,2019,National Stadium,Islamabad United,runs 49,regular,CS Delport,MA Gough,Shozab Raza
1168848,2019-03-10,2019,National Stadium,Karachi Kings,runs 1,regular,Usman Shinwari,REJ Martinesz,Asif Yaqoob
1168849,2019-03-11,2019,National Stadium,Multan Sultans,wickets 7,regular,Mohammad Abbas,MA Gough,Rashid Riaz
1168850,2019-03-14,2019,National Stadium,Islamabad United,wickets 4,eliminator,AD Hales,Shozab Raza,MA Gough
1168851,2019-03-13,2019,National Stadium,Quetta Gladiators,runs 10,qualifier,SR Watson,REJ Martinesz,Ahsan Raza
1168852,2019-03-15,2019,National Stadium,Peshawar Zalmi,runs 48,eliminator,Kamran Akmal,REJ Martinesz,Ahsan Raza
1168853,2019-03-17,2019,National Stadium,Quetta Gladiators,wickets 8,final,Mohammad Hasnain,REJ Martinesz,Ahsan Raza
1211642,2020-02-20,2020,National Stadium,Quetta Gladiators,wickets 3,regular,Mohammad Hasnain,RK Illingworth,Faisal Afridi
1211643,2020-02-21,2020,National Stadium,Karachi Kings,runs 10,regular,Babar Azam,RK Illingworth,Faisal Afridi
1211644,2020-02-21,2020,Gaddafi Stadium,Multan Sultans,wickets 5,regular,Imran Tahir,REJ Martinesz,Rashid Riaz
1211645,2020-02-22,2020,National Stadium,Peshawar Zalmi,wickets 6,regular,Kamran Akmal,RK Illingworth,Faisal Afridi
1211646,2020-02-22,2020,Gaddafi Stadium,Islamabad United,wickets 8,regular,L Ronchi,REJ Martinesz,Shozab Raza
1211647,2020-02-23,2020,National Stadium,Quetta Gladiators,wickets 5,regular,Azam Khan,RK Illingworth,Faisal Afridi
1211648,2020-02-23,2020,Gaddafi Stadium,Islamabad United,wickets 1,regular,Shadab Khan,REJ Martinesz,Rashid Riaz
1211649,2020-02-26,2020,Multan Cricket Stadium,Multan Sultans,wickets 6,regular,Sohail Tanvir,Asif Yaqoob,Faisal Afridi
1211650,2020-02-27,2020,Rawalpindi Cricket Stadium,Quetta Gladiators,wickets 5,regular,BCJ Cutting,REJ Martinesz,Tariq Rasheed
1211651,2020-02-28,2020,Multan Cricket Stadium,Multan Sultans,runs 52,regular,MM Ali,Shozab Raza,Faisal Afridi
1211652,2020-02-28,2020,Rawalpindi Cricket Stadium,Peshawar Zalmi,runs 16,regular,L Gregory,REJ Martinesz,Tariq Rasheed
1211653,2020-02-29,2020,Multan Cricket Stadium,Multan Sultans,runs 30,regular,RR Rossouw,Asif Yaqoob,Faisal Afridi
1211655,2020-03-01,2020,Rawalpindi Cricket Stadium,Karachi Kings,wickets 5,regular,AD Hales,REJ Martinesz,Tariq Rasheed
1211656,2020-03-02,2020,Rawalpindi Cricket Stadium,Karachi Kings,wickets 6,regular,Mohammad Amir,REJ Martinesz,Tariq Rasheed
1211657,2020-03-03,2020,Gaddafi Stadium,Lahore Qalandars,runs 37,regular,BR Dunk,Shozab Raza,Faisal Afridi
1211658,2020-03-04,2020,Gaddafi Stadium,Islamabad United,runs 71,regular,C Munro,Asif Yaqoob,Shozab Raza
1211659,2020-03-05,2020,Rawalpindi Cricket Stadium,Peshawar Zalmi,runs 30,regular,Shoaib Malik,REJ Martinesz,Tariq Rasheed
1211660,2020-03-06,2020,Gaddafi Stadium,No result,no result,regular,,Shozab Raza,MA Gough
1211661,2020-03-07,2020,Rawalpindi Cricket Stadium,Peshawar Zalmi,runs 7,regular,Shadab Khan,Tariq Rasheed,Rashid Riaz
1211662,2020-03-07,2020,Gaddafi Stadium,Lahore Qalandars,wickets 8,regular,SR Patel,Asif Yaqoob,MA Gough
1211663,2020-03-08,2020,Rawalpindi Cricket Stadium,Multan Sultans,wickets 9,regular,JM Vince,REJ Martinesz,Tariq Rasheed
1211664,2020-03-08,2020,Gaddafi Stadium,Lahore Qalandars,wickets 8,regular,BR Dunk,Shozab Raza,MA Gough
1211665,2020-03-10,2020,Gaddafi Stadium,Lahore Qalandars,wickets 5,regular,Fakhar Zaman,MA Gough,Aleem Dar
1211667,2020-03-12,2020,National Stadium,Karachi Kings,wickets 10,regular,Sharjeel Khan,MA Gough,Ahsan Raza
1211668,2020-03-13,2020,National Stadium,Multan Sultans,runs 3,regular,Zeeshan Ashraf,MA Gough,Rashid Riaz
1211669,2020-03-14,2020,National Stadium,Karachi Kings,wickets 4,regular,Sharjeel Khan,MA Gough,Ahsan Raza
1211670,2020-03-15,2020,Gaddafi Stadium,Lahore Qalandars,wickets 9,regular,CA Lynn,Shozab Raza,Aleem Dar
1211671,2020-03-15,2020,National Stadium,Quetta Gladiators,wickets 5,regular,SR Watson,MA Gough,Rashid Riaz
1211672,2020-11-14,2020,"National Stadium, Karachi",No result,tie,qualifier,Babar Azam,MA Gough,Rashid Riaz
1211673,2020-11-14,2020,National Stadium,Lahore Qalandars,wickets 5,eliminator,Mohammad Hafeez,Shozab Raza,Aleem Dar
1211675,2020-11-15,2020,National Stadium,Lahore Qalandars,runs 25,eliminator,D Wiese,MA Gough,Aleem Dar
1231146,2020-11-17,2020,National Stadium,Karachi Kings,wickets 5,final,Babar Azam,MA Gough,Aleem Dar
1247011,2021-02-20,2021,National Stadium,Karachi Kings,wickets 7,regular,Arshad Iqbal,Ahsan Raza,Aleem Dar
1247012,2021-02-21,2021,National Stadium,Lahore Qalandars,wickets 4,regular,Shaheen Shah Afridi,Rashid Riaz,Shozab Raza
1247013,2021-02-21,2021,National Stadium,Islamabad United,wickets 3,regular,L Gregory,Ahsan Raza,RK Illingworth
1247014,2021-02-22,2021,National Stadium,Lahore Qalandars,wickets 9,regular,Fakhar Zaman,Aleem Dar,Asif Yaqoob
1247015,2021-02-23,2021,National Stadium,Peshawar Zalmi,wickets 6,regular,T Kohler-Cadmore,Aleem Dar,RK Illingworth
1247016,2021-02-24,2021,National Stadium,Islamabad United,wickets 5,regular,AD Hales,Aleem Dar,Rashid Riaz
1247017,2021-02-26,2021,National Stadium,Multan Sultans,wickets 7,regular,Mohammad Rizwan,Ahsan Raza,Faisal Afridi
1247018,2021-02-26,2021,National Stadium,Peshawar Zalmi,wickets 3,regular,Haider Ali,Asif Yaqoob,RK Illingworth
1247019,2021-02-27,2021,National Stadium,Karachi Kings,wickets 7,regular,Babar Azam,Rashid Riaz,RK Illingworth
1247020,2021-02-27,2021,National Stadium,Peshawar Zalmi,wickets 6,regular,Wahab Riaz,Asif Yaqoob,Shozab Raza
1247021,2021-02-28,2021,National Stadium,Lahore Qalandars,wickets 6,regular,Shaheen Shah Afridi,Ahsan Raza,RK Illingworth
1247022,2021-03-02,2021,National Stadium,Islamabad United,wickets 6,regular,Faheem Ashraf,Ahsan Raza,Shozab Raza
1247023,2021-03-03,2021,National Stadium,Karachi Kings,wickets 6,regular,Mohammad Nabi,Imran Javed,Rashid Riaz
1247024,2021-03-03,2021,National Stadium,Quetta Gladiators,runs 22,regular,Qais Ahmad,Asif Yaqoob,Faisal Afridi
1247025,2021-06-10,2021,"Sheikh Zayed Stadium, Abu Dhabi",Multan Sultans,runs 12,regular,RR Rossouw,Aleem Dar,Shozab Raza
1247026,2021-06-10,2021,"Sheikh Zayed Stadium, Abu Dhabi",Lahore Qalandars,runs 10,regular,Rashid Khan,Asif Yaqoob,Rashid Riaz
1247027,2021-06-09,2021,"Sheikh Zayed Stadium, Abu Dhabi",Lahore Qalandars,wickets 5,regular,Rashid Khan,Aleem Dar,Rashid Riaz
1247028,2021-06-11,2021,"Sheikh Zayed Stadium, Abu Dhabi",Islamabad United,wickets 10,regular,C Munro,Aleem Dar,Shozab Raza
1247029,2021-06-13,2021,"Sheikh Zayed Stadium, Abu Dhabi",Islamabad United,runs 28,regular,Asif Ali,Asif Yaqoob,Shozab Raza
1247030,2021-06-12,2021,"Sheikh Zayed Stadium, Abu Dhabi",Peshawar Zalmi,runs 61,regular,DA Miller,Ahsan Raza,Shozab Raza
1247031,2021-06-13,2021,"Sheikh Zayed Stadium, Abu Dhabi",Multan Sultans,wickets 8,regular,Shahnawaz Dhani,Ahsan Raza,Aleem Dar
1247032,2021-06-14,2021,"Sheikh Zayed Stadium, Abu Dhabi",Islamabad United,wickets 8,regular,Iftikhar Ahmed,Asif Yaqoob,Rashid Riaz
1247033,2021-06-15,2021,"Sheikh Zayed Stadium, Abu Dhabi",Quetta Gladiators,runs 18,regular,Usman Shinwari,Aleem Dar,Rashid Riaz
1247034,2021-06-15,2021,"Sheikh Zayed Stadium, Abu Dhabi",Peshawar Zalmi,wickets 6,regular,Hazratullah,Ahsan Raza,Shozab Raza
1247035,2021-06-16,2021,"Sheikh Zayed Stadium, Abu Dhabi",Multan Sultans,runs 110,regular,Shan Masood,Aleem Dar,Shozab Raza
1247036,2021-06-17,2021,"Sheikh Zayed Stadium, Abu Dhabi",Islamabad United,runs 15,regular,UT Khawaja,Rashid Riaz,Shozab Raza
1247037,2021-06-17,2021,"Sheikh Zayed Stadium, Abu Dhabi",Karachi Kings,runs 7,regular,Noor Ahmad,Ahsan Raza,Asif Yaqoob
1247038,2021-06-18,2021,"Sheikh Zayed Stadium, Abu Dhabi",Multan Sultans,runs 80,regular,Shahnawaz Dhani,Aleem Dar,Shozab Raza
1247039,2021-06-19,2021,"Sheikh Zayed Stadium, Abu Dhabi",Karachi Kings,runs 14,regular,Danish Aziz,Asif Yaqoob,Shozab Raza
1247040,2021-06-19,2021,"Sheikh Zayed Stadium, Abu Dhabi",Islamabad United,wickets 4,regular,Mohammad Wasim,Aleem Dar,Rashid Riaz
1247041,2021-06-21,2021,"Sheikh Zayed Stadium, Abu Dhabi",Multan Sultans,runs 31,qualifier,Sohail Tanvir,Ahsan Raza,Rashid Riaz
1247042,2021-06-21,2021,"Sheikh Zayed Stadium, Abu Dhabi",Peshawar Zalmi,wickets 5,eliminator,Hazratullah,Aleem Dar,Shozab Raza
1247043,2021-06-22,2021,"Sheikh Zayed Stadium, Abu Dhabi",Peshawar Zalmi,wickets 8,eliminator,Hazratullah,Aleem Dar,Asif Yaqoob
1247044,2021-06-24,2021,"Sheikh Zayed Stadium, Abu Dhabi",Multan Sultans,runs 47,final,Sohaib Maqsood,Ahsan Raza,Aleem Dar
1293000,2022-01-27,2022,"National Stadium, Karachi",Multan Sultans,wickets 7,regular,Imran Tahir,Aleem Dar,RK Illingworth
1293001,2022-01-28,2022,"National Stadium, Karachi",Peshawar Zalmi,wickets 5,regular,WCF Smeed,Ahsan Raza,MA Gough
1293002,2022-01-29,2022,"National Stadium, Karachi",Multan Sultans,wickets 5,regular,Shan Masood,Ahsan Raza,RK Illingworth
1293003,2022-01-29,2022,"National Stadium, Karachi",Quetta Gladiators,wickets 8,regular,Naseem Shah,MA Gough,Shozab Raza
1293004,2022-01-30,2022,"National Stadium, Karachi",Islamabad United,wickets 9,regular,PR Stirling,Ahsan Raza,Aleem Dar
1293005,2022-01-30,2022,"National Stadium, Karachi",Lahore Qalandars,wickets 6,regular,Fakhar Zaman,MA Gough,RK Illingworth
1293006,2022-01-31,2022,"National Stadium, Karachi",Multan Sultans,runs 6,regular,Shan Masood,Ahsan Raza,Aleem Dar
1293007,2022-02-01,2022,"National Stadium, Karachi",Multan Sultans,runs 20,regular,TH David,MA Gough,Shozab Raza
1293008,2022-02-02,2022,"National Stadium, Karachi",Lahore Qalandars,runs 29,regular,Zaman Khan,Aleem Dar,Shozab Raza
1293009,2022-02-03,2022,"National Stadium, Karachi",Islamabad United,runs 43,regular,C Munro,Imtiaz Iqbal,RK Illingworth
1293010,2022-02-04,2022,"National Stadium, Karachi",Peshawar Zalmi,runs 9,regular,Shoaib Malik,Aleem Dar,Shozab Raza
1293011,2022-02-05,2022,"National Stadium, Karachi",Lahore Qalandars,runs 8,regular,Zaman Khan,MA Gough,Waleed Yaqub
1293012,2022-02-05,2022,"National Stadium, Karachi",Multan Sultans,runs 57,regular,Mohammad Rizwan,RK Illingworth,Shozab Raza
1293013,2022-02-06,2022,"National Stadium, Karachi",Islamabad United,runs 42,regular,Shadab Khan,Ahsan Raza,RK Illingworth
1293014,2022-02-07,2022,"National Stadium, Karachi",Quetta Gladiators,wickets 7,regular,JJ Roy,MA Gough,Shozab Raza
1293015,2022-02-10,2022,"Gaddafi Stadium, Lahore",Multan Sultans,runs 42,regular,Shan Masood,Ahsan Raza,RK Illingworth
1293016,2022-02-11,2022,"Gaddafi Stadium, Lahore",Lahore Qalandars,runs 52,regular,Fakhar Zaman,Aleem Dar,MA Gough
1293017,2022-02-12,2022,"Gaddafi Stadium, Lahore",Quetta Gladiators,wickets 5,regular,Sarfraz Ahmed,Faisal Afridi,RK Illingworth
1293018,2022-02-13,2022,"Gaddafi Stadium, Lahore",Peshawar Zalmi,runs 55,regular,Mohammad Haris,Faisal Afridi,Rashid Riaz
1293019,2022-02-13,2022,"Gaddafi Stadium, Lahore",Lahore Qalandars,wickets 8,regular,Shaheen Shah Afridi,Asif Yaqoob,MA Gough
1293020,2022-02-14,2022,"Gaddafi Stadium, Lahore",Islamabad United,runs 1,regular,Asif Ali,Asif Yaqoob,RK Illingworth
1293021,2022-02-15,2022,"Gaddafi Stadium, Lahore",Peshawar Zalmi,runs 24,regular,Hussain Talat,MA Gough,Rashid Riaz
1293022,2022-02-16,2022,"Gaddafi Stadium, Lahore",Multan Sultans,wickets 7,regular,Mohammad Rizwan,Asif Yaqoob,RK Illingworth
1293023,2022-02-17,2022,"Gaddafi Stadium, Lahore",Peshawar Zalmi,runs 10,regular,Mohammad Haris,Ahsan Raza,RK Illingworth
1293024,2022-02-18,2022,"Gaddafi Stadium, Lahore",Multan Sultans,runs 117,regular,RR Rossouw,Aleem Dar,Rashid Riaz
1293025,2022-02-18,2022,"Gaddafi Stadium, Lahore",Karachi Kings,runs 22,regular,Mir Hamza,Asif Yaqoob,MA Gough
1293026,2022-02-19,2022,"Gaddafi Stadium, Lahore",Lahore Qalandars,runs 66,regular,HC Brook,Rashid Riaz,RK Illingworth
1293027,2022-02-20,2022,"Gaddafi Stadium, Lahore",Quetta Gladiators,runs 23,regular,Khurram Shahzad,Aleem Dar,Asif Yaqoob
1293028,2022-02-20,2022,"Gaddafi Stadium, Lahore",Multan Sultans,wickets 6,regular,Imran Tahir,MA Gough,Rashid Riaz
1293029,2022-02-21,2022,"Gaddafi Stadium, Lahore",No result,tie,regular,Wahab Riaz,Asif Yaqoob,RK Illingworth
1293030,2022-02-23,2022,"Gaddafi Stadium, Lahore",Multan Sultans,runs 28,qualifier,Shahnawaz Dhani,Aleem Dar,RK Illingworth
1293031,2022-02-24,2022,"Gaddafi Stadium, Lahore",Islamabad United,wickets 5,eliminator,Faheem Ashraf,Aleem Dar,MA Gough
1293032,2022-02-25,2022,"Gaddafi Stadium, Lahore",Lahore Qalandars,runs 6,eliminator,D Wiese,MA Gough,RK Illingworth
1293033,2022-02-27,2022,"Gaddafi Stadium, Lahore",Lahore Qalandars,runs 42,final,Mohammad Hafeez,Aleem Dar,RK Illingworth
1354924,2023-02-13,2023,Multan Cricket Stadium,Lahore Qalandars,runs 1,regular,Fakhar Zaman,Asif Yaqoob,MJ Saggers
1354925,2023-02-14,2023,"National Stadium, Karachi",Peshawar Zalmi,runs 2,regular,T Kohler-Cadmore,Ahsan Raza,AG Wharf
1354926,2023-02-15,2023,Multan Cricket Stadium,Multan Sultans,wickets 9,regular,Ihsanullah,Asif Yaqoob,Faisal Afridi
1354927,2023-02-16,2023,"National Stadium, Karachi",Islamabad United,wickets 4,regular,C Munro,AG Wharf,RSA Palliyaguruge
1354928,2023-02-17,2023,Multan Cricket Stadium,Multan Sultans,runs 56,regular,RR Rossouw,Asif Yaqoob,Faisal Afridi
1354929,2023-02-18,2023,"National Stadium, Karachi",Quetta Gladiators,runs 6,regular,MJ Guptill,Ahsan Raza,AG Wharf
1354930,2023-02-19,2023,Multan Cricket Stadium,Multan Sultans,runs 52,regular,Abbas Afridi,Asif Yaqoob,Faisal Afridi
1354931,2023-02-19,2023,"National Stadium, Karachi",Karachi Kings,runs 67,regular,Imad Wasim,Ahsan Raza,AG Wharf
1354932,2023-02-20,2023,"National Stadium, Karachi",Peshawar Zalmi,wickets 4,regular,JDS Neesham,AG Wharf,RSA Palliyaguruge
1354933,2023-02-21,2023,"National Stadium, Karachi",Lahore Qalandars,runs 63,regular,Shaheen Shah Afridi,AG Wharf,RSA Palliyaguruge
1354934,2023-02-22,2023,Multan Cricket Stadium,Multan Sultans,runs 3,regular,Mohammad Rizwan,MJ Saggers,Shozab Raza
1354935,2023-02-23,2023,"National Stadium, Karachi",Islamabad United,wickets 6,regular,Hasan Ali,MA Gough,RK Illingworth
1354936,2023-02-24,2023,"National Stadium, Karachi",Islamabad United,runs 63,regular,Azam Khan,MA Gough,Rashid Riaz
1354937,2023-02-26,2023,"National Stadium, Karachi",Karachi Kings,runs 66,regular,T Shamsi,Ahsan Raza,AG Wharf
1354938,2023-02-26,2023,"Gaddafi Stadium, Lahore",Lahore Qalandars,runs 40,regular,Fakhar Zaman,Faisal Afridi,RK Illingworth
1354939,2023-02-27,2023,"Gaddafi Stadium, Lahore",Lahore Qalandars,runs 110,regular,D Wiese,Faisal Afridi,MA Gough
1354940,2023-03-01,2023,Rawalpindi Cricket Stadium,Peshawar Zalmi,runs 24,regular,R Powell,MA Gough,RK Illingworth
1354941,2023-03-02,2023,"Gaddafi Stadium, Lahore",Lahore Qalandars,runs 17,regular,Sikandar Raza,Ahsan Raza,MJ Saggers
1354942,2023-03-03,2023,Rawalpindi Cricket Stadium,Islamabad United,wickets 6,regular,Azam Khan,MA Gough,RK Illingworth
1354943,2023-03-04,2023,"Gaddafi Stadium, Lahore",Lahore Qalandars,runs 21,regular,Rashid Khan,Faisal Afridi,MJ Saggers
1354944,2023-03-05,2023,Rawalpindi Cricket Stadium,Islamabad United,wickets 2,regular,Fazalhaq Farooqi,Aleem Dar,Rashid Riaz
1354945,2023-03-06,2023,Rawalpindi Cricket Stadium,Quetta Gladiators,wickets 4,regular,MJ Guptill,MJ Saggers,Rashid Riaz
1354946,2023-03-07,2023,Rawalpindi Cricket Stadium,Peshawar Zalmi,runs 35,regular,Saim Ayub,AG Wharf,Asif Yaqoob
1354947,2023-03-07,2023,Rawalpindi Cricket Stadium,Islamabad United,wickets 2,regular,Faheem Ashraf,Faisal Afridi,Rashid Riaz
1354948,2023-03-08,2023,Rawalpindi Cricket Stadium,Quetta Gladiators,wickets 8,regular,JJ Roy,Ahsan Raza,MJ Saggers
1354949,2023-03-09,2023,Rawalpindi Cricket Stadium,Lahore Qalandars,runs 119,regular,Fakhar Zaman,Aleem Dar,Faisal Afridi
1354950,2023-03-10,2023,Rawalpindi Cricket Stadium,Multan Sultans,wickets 4,regular,RR Rossouw,Ahsan Raza,MJ Saggers
1354951,2023-03-11,2023,Rawalpindi Cricket Stadium,Multan Sultans,runs 9,regular,Abbas Afridi,AG Wharf,MJ Saggers
1354952,2023-03-12,2023,Rawalpindi Cricket Stadium,Peshawar Zalmi,runs 13,regular,Mohammad Haris,Ahsan Raza,MJ Saggers
1354953,2023-03-12,2023,"Gaddafi Stadium, Lahore",Karachi Kings,runs 86,regular,Muhammad Akhlaq,Aleem Dar,Rashid Riaz
1354954,2023-03-15,2023,"Gaddafi Stadium, Lahore",Multan Sultans,runs 84,qualifier,KA Pollard,Aleem Dar,AG Wharf
1354955,2023-03-16,2023,"Gaddafi Stadium, Lahore",Peshawar Zalmi,runs 12,eliminator,Aamer Jamal,Ahsan Raza,Faisal Afridi
1354956,2023-03-17,2023,"Gaddafi Stadium, Lahore",Lahore Qalandars,wickets 4,eliminator,Mirza Baig,Ahsan Raza,MJ Saggers
1354957,2023-03-18,2023,"Gaddafi Stadium, Lahore",Lahore Qalandars,runs 1,final,Shaheen Shah Afridi,AG Wharf,Rashid Riaz
1416472,2024-02-17,2024,"Gaddafi Stadium, Lahore",Islamabad United,wickets 8,regular,Shadab Khan,Aleem Dar,MA Gough
1416473,2024-02-18,2024,"Gaddafi Stadium, Lahore",Quetta Gladiators,runs 16,regular,Saud Shakeel,MA Gough,Tariq Rasheed
1416474,2024-02-18,2024,Multan Cricket Stadium,Multan Sultans,runs 55,regular,RR Hendricks,CB Gaffaney,Rashid Riaz
1416475,2024-02-19,2024,"Gaddafi Stadium, Lahore",Quetta Gladiators,wickets 5,regular,Khawaja Nafay,Aleem Dar,MA Gough
1416476,2024-02-20,2024,Multan Cricket Stadium,Multan Sultans,wickets 5,regular,Mohammad Ali,CB Gaffaney,Faisal Afridi
1416477,2024-02-21,2024,"Gaddafi Stadium, Lahore",Karachi Kings,wickets 7,regular,Mir Hamza,Ahsan Raza,MA Gough
1416478,2024-02-21,2024,Multan Cricket Stadium,Multan Sultans,wickets 5,regular,Mohammad Rizwan,CB Gaffaney,Rashid Riaz
1416479,2024-02-22,2024,"Gaddafi Stadium, Lahore",Quetta Gladiators,wickets 3,regular,RR Rossouw,Aleem Dar,RK Illingworth
1416480,2024-02-23,2024,Multan Cricket Stadium,Peshawar Zalmi,runs 5,regular,L Wood,CB Gaffaney,Faisal Afridi
1416481,2024-02-24,2024,"Gaddafi Stadium, Lahore",Karachi Kings,wickets 2,regular,KA Pollard,Ahsan Raza,RK Illingworth
1416482,2024-02-25,2024,Multan Cricket Stadium,Multan Sultans,runs 13,regular,Mohammad Ali,CB Gaffaney,Faisal Afridi
1416483,2024-02-25,2024,"Gaddafi Stadium, Lahore",Peshawar Zalmi,runs 8,regular,Saim Ayub,Ahsan Raza,RK Illingworth
1416484,2024-02-26,2024,"Gaddafi Stadium, Lahore",Peshawar Zalmi,runs 8,regular,Babar Azam,RK Illingworth,Shozab Raza
1416485,2024-02-27,2024,"Gaddafi Stadium, Lahore",Multan Sultans,runs 60,regular,Usman Khan,Ahsan Raza,RSA Palliyaguruge
1416486,2024-02-28,2024,"National Stadium, Karachi",Islamabad United,wickets 7,regular,,CB Gaffaney,Rashid Riaz
1416487,2024-02-29,2024,"National Stadium, Karachi",Quetta Gladiators,wickets 5,regular,SE Rutherford,Abdul Muqeet,CB Gaffaney
1416490,2024-03-03,2024,"National Stadium, Karachi",Multan Sultans,runs 20,regular,Usman Khan,Faisal Afridi,Rashid Riaz
1416491,2024-03-04,2024,Rawalpindi Cricket Stadium,Islamabad United,runs 29,regular,Shadab Khan,Asif Yaqoob,RK Illingworth
1416492,2024-03-05,2024,Rawalpindi Cricket Stadium,Peshawar Zalmi,runs 4,regular,Babar Azam,AG Wharf,RK Illingworth
1416493,2024-03-06,2024,Rawalpindi Cricket Stadium,Karachi Kings,wickets 7,regular,Hasan Ali,Asif Yaqoob,RK Illingworth
1416494,2024-03-06,2024,Rawalpindi Cricket Stadium,Lahore Qalandars,runs 17,regular,HE van der Dussen,Ahsan Raza,AG Wharf
1416495,2024-03-07,2024,Rawalpindi Cricket Stadium,Islamabad United,wickets 5,regular,Faheem Ashraf,AG Wharf,RSA Palliyaguruge
1416496,2024-03-08,2024,Rawalpindi Cricket Stadium,Peshawar Zalmi,runs 76,regular,Saim Ayub,AG Wharf,Asif Yaqoob
1416497,2024-03-09,2024,"National Stadium, Karachi",Karachi Kings,wickets 3,regular,Irfan Khan,Rashid Riaz,RK Illingworth
1416498,2024-03-10,2024,Rawalpindi Cricket Stadium,Islamabad United,wickets 3,regular,C Munro,Mohammad Asif,RSA Palliyaguruge
1416499,2024-03-10,2024,"National Stadium, Karachi",Quetta Gladiators,wickets 6,regular,Saud Shakeel,CB Gaffaney,Rashid Riaz
1416500,2024-03-11,2024,"National Stadium, Karachi",Peshawar Zalmi,runs 2,regular,Babar Azam,AG Wharf,Faisal Afridi
1416501,2024-03-12,2024,"National Stadium, Karachi",Multan Sultans,runs 79,regular,Mohammad Rizwan,Rashid Riaz,RK Illingworth
1416502,2024-03-14,2024,"National Stadium, Karachi",Multan Sultans,wickets 7,qualifier,Usama Mir,Aleem Dar,RK Illingworth
1416503,2024-03-15,2024,"National Stadium, Karachi",Islamabad United,runs 39,eliminator,Imad Wasim,Ahsan Raza,CB Gaffaney
1416504,2024-03-16,2024,"National Stadium, Karachi",Islamabad United,wickets 5,eliminator,Imad Wasim,Asif Yaqoob,RK Illingworth
1416505,2024-03-18,2024,"National Stadium, Karachi",Islamabad United,wickets 2,final,Imad Wasim,Ahsan Raza,CB Gaffaney
1475238,2025-04-11,2025,Rawalpindi Cricket Stadium,Islamabad United,wickets 8,regular,JO Holder,Ahsan Raza,CM Brown
1475239,2025-04-12,2025,Rawalpindi Cricket Stadium,Quetta Gladiators,runs 80,regular,Abrar Ahmed,Ahsan Raza,Rashid Riaz
1475240,2025-04-12,2025,"National Stadium, Karachi",Karachi Kings,wickets 4,regular,JM Vince,AG Wharf,Asif Yaqoob
1475241,2025-04-13,2025,Rawalpindi Cricket Stadium,Lahore Qalandars,runs 79,regular,Fakhar Zaman,Ahsan Raza,CM Brown
1475242,2025-04-14,2025,Rawalpindi Cricket Stadium,Islamabad United,runs 102,regular,Sahibzada Farhan,Aleem Dar,Nasir Hussain
1475243,2025-04-15,2025,"National Stadium, Karachi",Lahore Qalandars,runs 65,regular,Fakhar Zaman,Abdul Muqeet,PR Reiffel
1475244,2025-04-16,2025,Rawalpindi Cricket Stadium,Islamabad United,runs 47,regular,JO Holder,Ahsan Raza,CM Brown
1475245,2025-04-18,2025,"National Stadium, Karachi",Karachi Kings,runs 56,regular,JM Vince,PR Reiffel,Tariq Rasheed
1475246,2025-04-19,2025,Rawalpindi Cricket Stadium,Peshawar Zalmi,runs 120,regular,Abdul Samad,Aleem Dar,CM Brown
1475247,2025-04-20,2025,"National Stadium, Karachi",Islamabad United,wickets 6,regular,Shadab Khan,AG Wharf,Asif Yaqoob
1475248,2025-04-21,2025,"National Stadium, Karachi",Karachi Kings,wickets 2,regular,Khushdil Shah,Faisal Afridi,PR Reiffel
1475249,2025-04-22,2025,Multan Cricket Stadium,Multan Sultans,runs 33,regular,Yasir Khan,CM Brown,Rashid Riaz
1475250,2025-04-23,2025,Multan Cricket Stadium,Islamabad United,wickets 7,regular,AGS Gous,Ahsan Raza,CM Brown
1475251,2025-04-24,2025,"Gaddafi Stadium, Lahore",Peshawar Zalmi,wickets 7,regular,AS Joseph,AG Wharf,Asif Yaqoob
1475252,2025-04-25,2025,"Gaddafi Stadium, Lahore",Quetta Gladiators,runs 5,regular,Abrar Ahmed,Nasir Hussain,PR Reiffel
1475253,2025-04-26,2025,"Gaddafi Stadium, Lahore",Lahore Qalandars,wickets 5,regular,DJ Mitchell,Ahsan Raza,AG Wharf
1475254,2025-04-27,2025,"Gaddafi Stadium, Lahore",Quetta Gladiators,runs 64,regular,Faheem Ashraf,AG Wharf,Rashid Riaz
1475255,2025-04-29,2025,"Gaddafi Stadium, Lahore",Quetta Gladiators,wickets 10,regular,Khurram Shahzad,Ahsan Raza,Faisal Afridi
1475256,2025-04-30,2025,"Gaddafi Stadium, Lahore",Lahore Qalandars,runs 88,regular,Sikandar Raza,Asif Yaqoob,PR Reiffel
1475257,2025-05-01,2025,"Gaddafi Stadium, Lahore",Karachi Kings,runs 87,regular,JM Vince,AG Wharf,Rashid Riaz
1475258,2025-05-01,2025,"Gaddafi Stadium, Lahore",No result,no result,regular,,Faisal Afridi,PR Reiffel
1475259,2025-05-02,2025,"Gaddafi Stadium, Lahore",Peshawar Zalmi,wickets 6,regular,Maaz Sadaqat,AG Wharf,Faisal Afridi
1475260,2025-05-03,2025,"Gaddafi Stadium, Lahore",Quetta Gladiators,wickets 2,regular,Hassan Nawaz,AG Wharf,Rashid Riaz
1475261,2025-05-04,2025,"Gaddafi Stadium, Lahore",Karachi Kings,wickets 4,regular,Irfan Khan,Ahsan Raza,AG Wharf
1475262,2025-05-05,2025,Multan Cricket Stadium,Peshawar Zalmi,wickets 7,regular,Ahmed Daniyal,Abdul Muqeet,PR Reiffel
1475263,2025-05-07,2025,Rawalpindi Cricket Stadium,Quetta Gladiators,runs 109,regular,RR Rossouw,Faisal Afridi,HDPK Dharmasena
1475264,2025-05-17,2025,Rawalpindi Cricket Stadium,Karachi Kings,runs 23,regular,DA Warner,Ahsan Raza,Asif Yaqoob
1475265,2025-05-18,2025,Rawalpindi Cricket Stadium,Quetta Gladiators,wickets 2,regular,Hassan Nawaz,Asif Yaqoob,Faisal Afridi
1475266,2025-05-18,2025,Rawalpindi Cricket Stadium,Lahore Qalandars,runs 26,regular,Salman Mirza,Ahsan Raza,Rashid Riaz
1475267,2025-05-19,2025,Rawalpindi Cricket Stadium,Islamabad United,runs 79,regular,AD Hales,Faisal Afridi,Rashid Riaz
1475268,2025-05-21,2025,"Gaddafi Stadium, Lahore",Quetta Gladiators,runs 30,qualifier,Faheem Ashraf,Aleem Dar,Asif Yaqoob
1475269,2025-05-22,2025,"Gaddafi Stadium, Lahore",Lahore Qalandars,wickets 6,eliminator,Abdullah Shafique,Faisal Afridi,Rashid Riaz
1475270,2025-05-23,2025,"Gaddafi Stadium, Lahore",Lahore Qalandars,runs 95,qualifier,Salman Mirza,Asif Yaqoob,Faisal Afridi
1475271,2025-05-25,2025,"Gaddafi Stadium, Lahore",Lahore Qalandars,wickets 6,final,MDKJ Perera,Asif Yaqoob,Rashid Riaz
959175,2016-02-04,2016,Dubai International Cricket Stadium,Quetta Gladiators,wickets 8,regular,Mohammad Nawaz (3),JS Wilson,Shozab Raza
959177,2016-02-05,2016,Dubai International Cricket Stadium,Karachi Kings,wickets 7,regular,Shakib Al Hasan,JS Wilson,Rashid Riaz
959179,2016-02-05,2016,Dubai International Cricket Stadium,Peshawar Zalmi,runs 24,regular,Mohammad Asghar,Shozab Raza,Rashid Riaz
959181,2016-02-06,2016,Dubai International Cricket Stadium,Quetta Gladiators,wickets 8,regular,Ahmed Shehzad,Shozab Raza,Rashid Riaz
959183,2016-02-06,2016,Dubai International Cricket Stadium,Peshawar Zalmi,wickets 9,regular,Tamim Iqbal,JS Wilson,Rashid Riaz
959185,2016-02-07,2016,Dubai International Cricket Stadium,Islamabad United,runs 2,regular,Saeed Ajmal,JS Wilson,Rashid Riaz
959187,2016-02-07,2016,Dubai International Cricket Stadium,Quetta Gladiators,wickets 3,regular,Mohammad Nawaz (3),Shozab Raza,Rashid Riaz
959189,2016-02-08,2016,Dubai International Cricket Stadium,Lahore Qalandars,runs 63,regular,Umar Akmal,JS Wilson,Aleem Dar
959191,2016-02-10,2016,Sharjah Cricket Stadium,Islamabad United,wickets 8,regular,Sharjeel Khan,JS Wilson,Aleem Dar
959195,2016-02-11,2016,Sharjah Cricket Stadium,Quetta Gladiators,wickets 7,regular,GD Elliott,JS Wilson,Aleem Dar
959197,2016-02-12,2016,Sharjah Cricket Stadium,Karachi Kings,runs 27,regular,RS Bopara,JS Wilson,Aleem Dar
959199,2016-02-12,2016,Sharjah Cricket Stadium,Peshawar Zalmi,wickets 7,regular,Tamim Iqbal,Shozab Raza,Rashid Riaz
959201,2016-02-13,2016,Sharjah Cricket Stadium,Quetta Gladiators,wickets 5,regular,GD Elliott,Shozab Raza,Rashid Riaz
959203,2016-02-13,2016,Sharjah Cricket Stadium,Lahore Qalandars,runs 4,regular,CS Delport,JS Wilson,Aleem Dar
959205,2016-02-14,2016,Sharjah Cricket Stadium,Islamabad United,wickets 5,regular,Imran Khalid,JS Wilson,Aleem Dar
959207,2016-02-14,2016,Sharjah Cricket Stadium,Peshawar Zalmi,wickets 8,regular,Shahid Afridi,Ahmed Shahab,Shozab Raza
959209,2016-02-16,2016,Dubai International Cricket Stadium,Quetta Gladiators,wickets 2,regular,Bismillah Khan,JS Wilson,Aleem Dar
959211,2016-02-17,2016,Dubai International Cricket Stadium,Peshawar Zalmi,wickets 5,regular,BJ Hodge,Shozab Raza,Ahsan Raza
959213,2016-02-17,2016,Dubai International Cricket Stadium,Islamabad United,wickets 5,regular,Mohammad Irfan,JS Wilson,Aleem Dar
959215,2016-02-19,2016,Dubai International Cricket Stadium,Quetta Gladiators,runs 1,qualifier,Mohammad Nawaz (3),Shozab Raza,Aleem Dar
959217,2016-02-20,2016,Dubai International Cricket Stadium,Islamabad United,wickets 9,qualifier,Mohammad Sami,Aleem Dar,Ahsan Raza
959219,2016-02-21,2016,Dubai International Cricket Stadium,Islamabad United,runs 50,qualifier,Sharjeel Khan,JS Wilson,Aleem Dar
959221,2016-02-23,2016,Dubai International Cricket Stadium,Islamabad United,wickets 6,final,DR Smith,JS Wilson,Aleem Dar
